Parameter,Value,Unit,VDD_core,VDD_Analog,Temperature,Gain_Setting,Device
Gain,-4.923745483,dB,0.8,1.2,25,0,1
Gain,-2.619470458,dB,0.8,1.2,25,1,1
Gain,-9.614045125,dB,0.8,1.2,25,2,1
Gain,-0.9875424766,dB,0.8,1.2,25,3,1
Gain,-0.3981338237,dB,0.8,1.2,25,4,1
Gain,4.442563877,dB,0.8,1.2,25,5,1
Gain,-1.110077256,dB,0.8,1.2,25,6,1
Gain,-7.723421991,dB,0.8,1.2,25,7,1
Gain,-4.641845248,dB,0.8,1.2,25,8,1
Gain,-2.444786632,dB,0.8,1.2,25,9,1
Gain,1.102286199,dB,0.8,1.2,25,10,1
Gain,-7.819311333,dB,0.8,1.2,25,11,1
Gain,-3.742962157,dB,0.8,1.2,25,12,1
Gain,-1.856145891,dB,0.8,1.2,25,13,1
Gain,2.767342661,dB,0.8,1.2,25,14,1
Gain,-0.8369707209,dB,0.8,1.2,25,15,1
Gain,-7.367550919,dB,0.8,1.2,25,16,1
Gain,-0.888179973,dB,0.8,1.2,25,17,1
Gain,-6.573125426,dB,0.8,1.2,25,18,1
Gain,4.39775295,dB,0.8,1.2,25,19,1
Gain,3.469548948,dB,0.8,1.2,25,20,1
Gain,-4.891805164,dB,0.8,1.2,25,21,1
Gain,1.586688008,dB,0.8,1.2,25,22,1
Gain,-6.044258496,dB,0.8,1.2,25,23,1
Gain,4.166714974,dB,0.8,1.2,25,24,1
Gain,-8.915523488,dB,0.8,1.26,25,0,1
Gain,-2.463478269,dB,0.8,1.26,25,1,1
Gain,1.040504632,dB,0.8,1.26,25,2,1
Gain,3.498011169,dB,0.8,1.26,25,3,1
Gain,-5.694381718,dB,0.8,1.26,25,4,1
Gain,-7.457513878,dB,0.8,1.26,25,5,1
Gain,-8.369998057,dB,0.8,1.26,25,6,1
Gain,-6.308486746,dB,0.8,1.26,25,7,1
Gain,-4.752520225,dB,0.8,1.26,25,8,1
Gain,-9.875929549,dB,0.8,1.26,25,9,1
Gain,0.2896224434,dB,0.8,1.26,25,10,1
Gain,-6.434990705,dB,0.8,1.26,25,11,1
Gain,-6.91784329,dB,0.8,1.26,25,12,1
Gain,-5.500145696,dB,0.8,1.26,25,13,1
Gain,-3.437796581,dB,0.8,1.26,25,14,1
Gain,-6.712984513,dB,0.8,1.26,25,15,1
Gain,-5.342982725,dB,0.8,1.26,25,16,1
Gain,-5.992870825,dB,0.8,1.26,25,17,1
Gain,0.7009930811,dB,0.8,1.26,25,18,1
Gain,5.195252275,dB,0.8,1.26,25,19,1
Gain,-3.867183756,dB,0.8,1.26,25,20,1
Gain,4.908651165,dB,0.8,1.26,25,21,1
Gain,-0.8231801593,dB,0.8,1.26,25,22,1
Gain,3.071819193,dB,0.8,1.26,25,23,1
Gain,-9.446234145,dB,0.8,1.26,25,24,1
Gain,5.337979975,dB,0.8,1.14,25,0,1
Gain,1.853551356,dB,0.8,1.14,25,1,1
Gain,-8.354282061,dB,0.8,1.14,25,2,1
Gain,-4.047969828,dB,0.8,1.14,25,3,1
Gain,-7.11886646,dB,0.8,1.14,25,4,1
Gain,4.845931478,dB,0.8,1.14,25,5,1
Gain,-5.553107837,dB,0.8,1.14,25,6,1
Gain,-4.958283023,dB,0.8,1.14,25,7,1
Gain,3.083468072,dB,0.8,1.14,25,8,1
Gain,2.446374132,dB,0.8,1.14,25,9,1
Gain,-7.986984707,dB,0.8,1.14,25,10,1
Gain,-0.2896585281,dB,0.8,1.14,25,11,1
Gain,-7.334377461,dB,0.8,1.14,25,12,1
Gain,-8.461393535,dB,0.8,1.14,25,13,1
Gain,-0.3794858572,dB,0.8,1.14,25,14,1
Gain,-8.977032076,dB,0.8,1.14,25,15,1
Gain,-9.395227428,dB,0.8,1.14,25,16,1
Gain,1.802395642,dB,0.8,1.14,25,17,1
Gain,-6.062204548,dB,0.8,1.14,25,18,1
Gain,-9.175046959,dB,0.8,1.14,25,19,1
Gain,1.153936259,dB,0.8,1.14,25,20,1
Gain,2.278056158,dB,0.8,1.14,25,21,1
Gain,3.293042781,dB,0.8,1.14,25,22,1
Gain,0.9667178142,dB,0.8,1.14,25,23,1
Gain,0.1247876307,dB,0.8,1.14,25,24,1
Gain,1.090896798,dB,0.88,1.2,25,0,1
Gain,0.087840166,dB,0.88,1.2,25,1,1
Gain,-3.903007847,dB,0.88,1.2,25,2,1
Gain,-3.428518364,dB,0.88,1.2,25,3,1
Gain,-4.09269149,dB,0.88,1.2,25,4,1
Gain,5.28903156,dB,0.88,1.2,25,5,1
Gain,-7.011451525,dB,0.88,1.2,25,6,1
Gain,-7.085116553,dB,0.88,1.2,25,7,1
Gain,0.8889728521,dB,0.88,1.2,25,8,1
Gain,1.423835064,dB,0.88,1.2,25,9,1
Gain,-5.433509658,dB,0.88,1.2,25,10,1
Gain,-5.699983159,dB,0.88,1.2,25,11,1
Gain,2.043925031,dB,0.88,1.2,25,12,1
Gain,-0.1394734925,dB,0.88,1.2,25,13,1
Gain,-6.103778901,dB,0.88,1.2,25,14,1
Gain,1.49201574,dB,0.88,1.2,25,15,1
Gain,-8.25623404,dB,0.88,1.2,25,16,1
Gain,5.367715463,dB,0.88,1.2,25,17,1
Gain,-7.159835508,dB,0.88,1.2,25,18,1
Gain,-7.126592134,dB,0.88,1.2,25,19,1
Gain,1.634022115,dB,0.88,1.2,25,20,1
Gain,-9.769777093,dB,0.88,1.2,25,21,1
Gain,2.650953184,dB,0.88,1.2,25,22,1
Gain,0.9534080276,dB,0.88,1.2,25,23,1
Gain,-6.419241594,dB,0.88,1.2,25,24,1
Gain,-6.582735368,dB,0.88,1.26,25,0,1
Gain,-8.707311187,dB,0.88,1.26,25,1,1
Gain,-1.362805977,dB,0.88,1.26,25,2,1
Gain,-2.095419751,dB,0.88,1.26,25,3,1
Gain,-2.203785757,dB,0.88,1.26,25,4,1
Gain,-2.87836661,dB,0.88,1.26,25,5,1
Gain,1.676638713,dB,0.88,1.26,25,6,1
Gain,2.252934279,dB,0.88,1.26,25,7,1
Gain,-7.431305842,dB,0.88,1.26,25,8,1
Gain,-0.182277657,dB,0.88,1.26,25,9,1
Gain,-5.061332433,dB,0.88,1.26,25,10,1
Gain,-2.524925782,dB,0.88,1.26,25,11,1
Gain,-3.725117539,dB,0.88,1.26,25,12,1
Gain,-9.10138469,dB,0.88,1.26,25,13,1
Gain,-3.377032424,dB,0.88,1.26,25,14,1
Gain,-8.066260161,dB,0.88,1.26,25,15,1
Gain,-7.713727907,dB,0.88,1.26,25,16,1
Gain,-2.159051832,dB,0.88,1.26,25,17,1
Gain,-8.717083521,dB,0.88,1.26,25,18,1
Gain,-3.479467534,dB,0.88,1.26,25,19,1
Gain,2.095947366,dB,0.88,1.26,25,20,1
Gain,-7.698256109,dB,0.88,1.26,25,21,1
Gain,-1.17265883,dB,0.88,1.26,25,22,1
Gain,-6.896283714,dB,0.88,1.26,25,23,1
Gain,3.235651794,dB,0.88,1.26,25,24,1
Gain,-4.487801406,dB,0.88,1.14,25,0,1
Gain,2.927312132,dB,0.88,1.14,25,1,1
Gain,-2.978391603,dB,0.88,1.14,25,2,1
Gain,-7.007752403,dB,0.88,1.14,25,3,1
Gain,-9.522116125,dB,0.88,1.14,25,4,1
Gain,-2.155302059,dB,0.88,1.14,25,5,1
Gain,3.225109234,dB,0.88,1.14,25,6,1
Gain,4.268960777,dB,0.88,1.14,25,7,1
Gain,2.5169968,dB,0.88,1.14,25,8,1
Gain,2.729611678,dB,0.88,1.14,25,9,1
Gain,2.21443228,dB,0.88,1.14,25,10,1
Gain,-0.6488776988,dB,0.88,1.14,25,11,1
Gain,-0.7602914782,dB,0.88,1.14,25,12,1
Gain,-4.782959294,dB,0.88,1.14,25,13,1
Gain,3.410165069,dB,0.88,1.14,25,14,1
Gain,5.00858491,dB,0.88,1.14,25,15,1
Gain,-9.10713126,dB,0.88,1.14,25,16,1
Gain,-9.400897109,dB,0.88,1.14,25,17,1
Gain,0.03872195672,dB,0.88,1.14,25,18,1
Gain,-2.242242042,dB,0.88,1.14,25,19,1
Gain,-8.311196776,dB,0.88,1.14,25,20,1
Gain,2.826944919,dB,0.88,1.14,25,21,1
Gain,-7.531185921,dB,0.88,1.14,25,22,1
Gain,-0.2327385013,dB,0.88,1.14,25,23,1
Gain,-0.242829272,dB,0.88,1.14,25,24,1
Gain,-5.066298795,dB,0.72,1.2,25,0,1
Gain,-7.424927974,dB,0.72,1.2,25,1,1
Gain,-8.875134832,dB,0.72,1.2,25,2,1
Gain,-8.287626686,dB,0.72,1.2,25,3,1
Gain,1.409066023,dB,0.72,1.2,25,4,1
Gain,-6.7132724,dB,0.72,1.2,25,5,1
Gain,-7.725743769,dB,0.72,1.2,25,6,1
Gain,2.560186876,dB,0.72,1.2,25,7,1
Gain,-8.516366577,dB,0.72,1.2,25,8,1
Gain,-2.789256209,dB,0.72,1.2,25,9,1
Gain,-2.073111836,dB,0.72,1.2,25,10,1
Gain,-4.787981562,dB,0.72,1.2,25,11,1
Gain,-5.199293407,dB,0.72,1.2,25,12,1
Gain,-8.800960963,dB,0.72,1.2,25,13,1
Gain,-9.899653883,dB,0.72,1.2,25,14,1
Gain,5.295503711,dB,0.72,1.2,25,15,1
Gain,5.455536507,dB,0.72,1.2,25,16,1
Gain,1.050749706,dB,0.72,1.2,25,17,1
Gain,-8.883505638,dB,0.72,1.2,25,18,1
Gain,4.830359282,dB,0.72,1.2,25,19,1
Gain,-9.002123935,dB,0.72,1.2,25,20,1
Gain,-7.986884084,dB,0.72,1.2,25,21,1
Gain,4.386981591,dB,0.72,1.2,25,22,1
Gain,2.622592732,dB,0.72,1.2,25,23,1
Gain,-7.579275616,dB,0.72,1.2,25,24,1
Gain,-5.497717666,dB,0.72,1.26,25,0,1
Gain,-6.467668314,dB,0.72,1.26,25,1,1
Gain,-7.349324606,dB,0.72,1.26,25,2,1
Gain,-5.719064828,dB,0.72,1.26,25,3,1
Gain,-6.157267599,dB,0.72,1.26,25,4,1
Gain,1.095285036,dB,0.72,1.26,25,5,1
Gain,0.5269088496,dB,0.72,1.26,25,6,1
Gain,2.050615817,dB,0.72,1.26,25,7,1
Gain,-6.256609706,dB,0.72,1.26,25,8,1
Gain,-1.277830464,dB,0.72,1.26,25,9,1
Gain,-5.639452387,dB,0.72,1.26,25,10,1
Gain,-9.528607386,dB,0.72,1.26,25,11,1
Gain,-7.464919851,dB,0.72,1.26,25,12,1
Gain,-5.13502204,dB,0.72,1.26,25,13,1
Gain,5.073183455,dB,0.72,1.26,25,14,1
Gain,-0.6048350715,dB,0.72,1.26,25,15,1
Gain,-4.919908806,dB,0.72,1.26,25,16,1
Gain,-6.370309112,dB,0.72,1.26,25,17,1
Gain,4.09326398,dB,0.72,1.26,25,18,1
Gain,-1.828920593,dB,0.72,1.26,25,19,1
Gain,-0.9059733825,dB,0.72,1.26,25,20,1
Gain,2.310497075,dB,0.72,1.26,25,21,1
Gain,2.223218544,dB,0.72,1.26,25,22,1
Gain,-1.934661494,dB,0.72,1.26,25,23,1
Gain,-9.040449503,dB,0.72,1.26,25,24,1
Gain,-1.623949205,dB,0.72,1.14,25,0,1
Gain,1.743782787,dB,0.72,1.14,25,1,1
Gain,-3.319570153,dB,0.72,1.14,25,2,1
Gain,-6.406533842,dB,0.72,1.14,25,3,1
Gain,-0.1273751216,dB,0.72,1.14,25,4,1
Gain,-6.613376965,dB,0.72,1.14,25,5,1
Gain,-8.122358639,dB,0.72,1.14,25,6,1
Gain,4.192711303,dB,0.72,1.14,25,7,1
Gain,2.262112032,dB,0.72,1.14,25,8,1
Gain,-2.499055961,dB,0.72,1.14,25,9,1
Gain,-2.493721674,dB,0.72,1.14,25,10,1
Gain,-1.443999327,dB,0.72,1.14,25,11,1
Gain,5.074777202,dB,0.72,1.14,25,12,1
Gain,-7.726098644,dB,0.72,1.14,25,13,1
Gain,-9.355235359,dB,0.72,1.14,25,14,1
Gain,1.105494951,dB,0.72,1.14,25,15,1
Gain,-3.888521989,dB,0.72,1.14,25,16,1
Gain,-8.894160747,dB,0.72,1.14,25,17,1
Gain,4.578582386,dB,0.72,1.14,25,18,1
Gain,-5.380488459,dB,0.72,1.14,25,19,1
Gain,-8.923894715,dB,0.72,1.14,25,20,1
Gain,-3.306332638,dB,0.72,1.14,25,21,1
Gain,-0.07058585105,dB,0.72,1.14,25,22,1
Gain,4.337010725,dB,0.72,1.14,25,23,1
Gain,2.275381097,dB,0.72,1.14,25,24,1
Gain,-7.675956505,dB,0.8,1.2,-40,0,1
Gain,0.1771456319,dB,0.8,1.2,-40,1,1
Gain,-4.058103246,dB,0.8,1.2,-40,2,1
Gain,-4.400143764,dB,0.8,1.2,-40,3,1
Gain,-5.550877322,dB,0.8,1.2,-40,4,1
Gain,-9.605460352,dB,0.8,1.2,-40,5,1
Gain,-6.484583605,dB,0.8,1.2,-40,6,1
Gain,-1.04659909,dB,0.8,1.2,-40,7,1
Gain,-5.649459022,dB,0.8,1.2,-40,8,1
Gain,-0.08838351727,dB,0.8,1.2,-40,9,1
Gain,-5.142866224,dB,0.8,1.2,-40,10,1
Gain,0.5521698101,dB,0.8,1.2,-40,11,1
Gain,-8.653345348,dB,0.8,1.2,-40,12,1
Gain,-0.9271318942,dB,0.8,1.2,-40,13,1
Gain,-7.40791277,dB,0.8,1.2,-40,14,1
Gain,-3.098996145,dB,0.8,1.2,-40,15,1
Gain,-7.177260927,dB,0.8,1.2,-40,16,1
Gain,-0.1607423137,dB,0.8,1.2,-40,17,1
Gain,-9.867327664,dB,0.8,1.2,-40,18,1
Gain,5.285263874,dB,0.8,1.2,-40,19,1
Gain,-3.814915812,dB,0.8,1.2,-40,20,1
Gain,-4.337826394,dB,0.8,1.2,-40,21,1
Gain,-8.926392697,dB,0.8,1.2,-40,22,1
Gain,-8.477603018,dB,0.8,1.2,-40,23,1
Gain,-5.166983669,dB,0.8,1.2,-40,24,1
Gain,1.753804256,dB,0.8,1.26,-40,0,1
Gain,-3.433846543,dB,0.8,1.26,-40,1,1
Gain,3.063310654,dB,0.8,1.26,-40,2,1
Gain,-2.004269698,dB,0.8,1.26,-40,3,1
Gain,-1.580365509,dB,0.8,1.26,-40,4,1
Gain,-9.374028184,dB,0.8,1.26,-40,5,1
Gain,-7.895718174,dB,0.8,1.26,-40,6,1
Gain,-5.614501826,dB,0.8,1.26,-40,7,1
Gain,-0.4257072774,dB,0.8,1.26,-40,8,1
Gain,2.945070407,dB,0.8,1.26,-40,9,1
Gain,-5.276558189,dB,0.8,1.26,-40,10,1
Gain,-0.4642308029,dB,0.8,1.26,-40,11,1
Gain,2.982769527,dB,0.8,1.26,-40,12,1
Gain,-0.2728029775,dB,0.8,1.26,-40,13,1
Gain,0.5683382267,dB,0.8,1.26,-40,14,1
Gain,-7.81835474,dB,0.8,1.26,-40,15,1
Gain,-8.265562816,dB,0.8,1.26,-40,16,1
Gain,0.493602741,dB,0.8,1.26,-40,17,1
Gain,-9.061661898,dB,0.8,1.26,-40,18,1
Gain,-2.580802156,dB,0.8,1.26,-40,19,1
Gain,-6.297179601,dB,0.8,1.26,-40,20,1
Gain,-8.048022778,dB,0.8,1.26,-40,21,1
Gain,-8.02327439,dB,0.8,1.26,-40,22,1
Gain,3.099225258,dB,0.8,1.26,-40,23,1
Gain,-1.257515899,dB,0.8,1.26,-40,24,1
Gain,-9.251777425,dB,0.8,1.14,-40,0,1
Gain,-3.600105337,dB,0.8,1.14,-40,1,1
Gain,1.209655384,dB,0.8,1.14,-40,2,1
Gain,-1.583473908,dB,0.8,1.14,-40,3,1
Gain,0.9191673834,dB,0.8,1.14,-40,4,1
Gain,-6.060058956,dB,0.8,1.14,-40,5,1
Gain,2.788152007,dB,0.8,1.14,-40,6,1
Gain,-6.860669719,dB,0.8,1.14,-40,7,1
Gain,0.96587302,dB,0.8,1.14,-40,8,1
Gain,1.037581256,dB,0.8,1.14,-40,9,1
Gain,4.512788027,dB,0.8,1.14,-40,10,1
Gain,-5.29446906,dB,0.8,1.14,-40,11,1
Gain,-3.134348659,dB,0.8,1.14,-40,12,1
Gain,-7.993872434,dB,0.8,1.14,-40,13,1
Gain,0.1919229524,dB,0.8,1.14,-40,14,1
Gain,-1.644010283,dB,0.8,1.14,-40,15,1
Gain,0.61233245,dB,0.8,1.14,-40,16,1
Gain,1.361683345,dB,0.8,1.14,-40,17,1
Gain,-2.559086054,dB,0.8,1.14,-40,18,1
Gain,2.003023122,dB,0.8,1.14,-40,19,1
Gain,-5.663821814,dB,0.8,1.14,-40,20,1
Gain,-7.661290959,dB,0.8,1.14,-40,21,1
Gain,-4.793543724,dB,0.8,1.14,-40,22,1
Gain,4.756102202,dB,0.8,1.14,-40,23,1
Gain,-0.2378921087,dB,0.8,1.14,-40,24,1
Gain,5.218242279,dB,0.88,1.2,-40,0,1
Gain,3.812965508,dB,0.88,1.2,-40,1,1
Gain,-5.727736682,dB,0.88,1.2,-40,2,1
Gain,-3.408509205,dB,0.88,1.2,-40,3,1
Gain,3.971285456,dB,0.88,1.2,-40,4,1
Gain,3.393699773,dB,0.88,1.2,-40,5,1
Gain,-3.118069348,dB,0.88,1.2,-40,6,1
Gain,-8.35688628,dB,0.88,1.2,-40,7,1
Gain,3.56806693,dB,0.88,1.2,-40,8,1
Gain,0.582662335,dB,0.88,1.2,-40,9,1
Gain,-2.52831623,dB,0.88,1.2,-40,10,1
Gain,4.697739898,dB,0.88,1.2,-40,11,1
Gain,-1.408464656,dB,0.88,1.2,-40,12,1
Gain,-9.843008611,dB,0.88,1.2,-40,13,1
Gain,-0.5714713303,dB,0.88,1.2,-40,14,1
Gain,-1.954498324,dB,0.88,1.2,-40,15,1
Gain,2.176555528,dB,0.88,1.2,-40,16,1
Gain,-6.283436824,dB,0.88,1.2,-40,17,1
Gain,5.088340963,dB,0.88,1.2,-40,18,1
Gain,-9.848777586,dB,0.88,1.2,-40,19,1
Gain,-0.8768960509,dB,0.88,1.2,-40,20,1
Gain,-8.517866848,dB,0.88,1.2,-40,21,1
Gain,-9.645042107,dB,0.88,1.2,-40,22,1
Gain,-6.372455694,dB,0.88,1.2,-40,23,1
Gain,-5.831138739,dB,0.88,1.2,-40,24,1
Gain,3.400634116,dB,0.88,1.26,-40,0,1
Gain,3.21170347,dB,0.88,1.26,-40,1,1
Gain,1.527282069,dB,0.88,1.26,-40,2,1
Gain,-7.035115215,dB,0.88,1.26,-40,3,1
Gain,-2.971826378,dB,0.88,1.26,-40,4,1
Gain,-9.104107176,dB,0.88,1.26,-40,5,1
Gain,-7.486006372,dB,0.88,1.26,-40,6,1
Gain,-2.592142704,dB,0.88,1.26,-40,7,1
Gain,3.630948633,dB,0.88,1.26,-40,8,1
Gain,-9.385014758,dB,0.88,1.26,-40,9,1
Gain,2.527554185,dB,0.88,1.26,-40,10,1
Gain,-7.116579342,dB,0.88,1.26,-40,11,1
Gain,1.246354617,dB,0.88,1.26,-40,12,1
Gain,-2.068886015,dB,0.88,1.26,-40,13,1
Gain,4.44575269,dB,0.88,1.26,-40,14,1
Gain,-5.080219907,dB,0.88,1.26,-40,15,1
Gain,0.9200356667,dB,0.88,1.26,-40,16,1
Gain,3.229909977,dB,0.88,1.26,-40,17,1
Gain,-4.240886258,dB,0.88,1.26,-40,18,1
Gain,4.644812784,dB,0.88,1.26,-40,19,1
Gain,-8.034050701,dB,0.88,1.26,-40,20,1
Gain,-6.833545622,dB,0.88,1.26,-40,21,1
Gain,-9.407164516,dB,0.88,1.26,-40,22,1
Gain,-1.058764559,dB,0.88,1.26,-40,23,1
Gain,-4.33758603,dB,0.88,1.26,-40,24,1
Gain,0.7491819191,dB,0.88,1.14,-40,0,1
Gain,-3.571861303,dB,0.88,1.14,-40,1,1
Gain,-3.209784935,dB,0.88,1.14,-40,2,1
Gain,4.326432213,dB,0.88,1.14,-40,3,1
Gain,-8.743612978,dB,0.88,1.14,-40,4,1
Gain,0.9893876511,dB,0.88,1.14,-40,5,1
Gain,-5.633857238,dB,0.88,1.14,-40,6,1
Gain,4.1799484,dB,0.88,1.14,-40,7,1
Gain,4.094805057,dB,0.88,1.14,-40,8,1
Gain,-0.7778646322,dB,0.88,1.14,-40,9,1
Gain,-8.729339035,dB,0.88,1.14,-40,10,1
Gain,-7.64543112,dB,0.88,1.14,-40,11,1
Gain,-8.147493118,dB,0.88,1.14,-40,12,1
Gain,-8.11538118,dB,0.88,1.14,-40,13,1
Gain,-5.645876676,dB,0.88,1.14,-40,14,1
Gain,-5.721729789,dB,0.88,1.14,-40,15,1
Gain,3.775257006,dB,0.88,1.14,-40,16,1
Gain,-6.209790157,dB,0.88,1.14,-40,17,1
Gain,-7.69212112,dB,0.88,1.14,-40,18,1
Gain,1.54025877,dB,0.88,1.14,-40,19,1
Gain,-0.4166885249,dB,0.88,1.14,-40,20,1
Gain,-5.388949585,dB,0.88,1.14,-40,21,1
Gain,-8.702156821,dB,0.88,1.14,-40,22,1
Gain,-6.909940409,dB,0.88,1.14,-40,23,1
Gain,-7.368893845,dB,0.88,1.14,-40,24,1
Gain,-4.21345542,dB,0.72,1.2,-40,0,1
Gain,4.696312665,dB,0.72,1.2,-40,1,1
Gain,3.07277154,dB,0.72,1.2,-40,2,1
Gain,-1.576355695,dB,0.72,1.2,-40,3,1
Gain,-9.635576545,dB,0.72,1.2,-40,4,1
Gain,-3.336660126,dB,0.72,1.2,-40,5,1
Gain,1.891753706,dB,0.72,1.2,-40,6,1
Gain,-4.64276293,dB,0.72,1.2,-40,7,1
Gain,-6.517449864,dB,0.72,1.2,-40,8,1
Gain,3.225724628,dB,0.72,1.2,-40,9,1
Gain,-1.038830531,dB,0.72,1.2,-40,10,1
Gain,0.2716991725,dB,0.72,1.2,-40,11,1
Gain,-2.159133942,dB,0.72,1.2,-40,12,1
Gain,2.651926369,dB,0.72,1.2,-40,13,1
Gain,-1.25698239,dB,0.72,1.2,-40,14,1
Gain,2.989997999,dB,0.72,1.2,-40,15,1
Gain,3.099208837,dB,0.72,1.2,-40,16,1
Gain,4.259953198,dB,0.72,1.2,-40,17,1
Gain,-6.578183001,dB,0.72,1.2,-40,18,1
Gain,-0.5687809262,dB,0.72,1.2,-40,19,1
Gain,3.80083054,dB,0.72,1.2,-40,20,1
Gain,-2.051939643,dB,0.72,1.2,-40,21,1
Gain,-5.992241998,dB,0.72,1.2,-40,22,1
Gain,-1.880265278,dB,0.72,1.2,-40,23,1
Gain,4.101366193,dB,0.72,1.2,-40,24,1
Gain,-2.611694188,dB,0.72,1.26,-40,0,1
Gain,-0.6045420401,dB,0.72,1.26,-40,1,1
Gain,3.844892961,dB,0.72,1.26,-40,2,1
Gain,-9.532350098,dB,0.72,1.26,-40,3,1
Gain,-1.749908299,dB,0.72,1.26,-40,4,1
Gain,-6.924593412,dB,0.72,1.26,-40,5,1
Gain,5.042116391,dB,0.72,1.26,-40,6,1
Gain,-2.688690799,dB,0.72,1.26,-40,7,1
Gain,-2.589152147,dB,0.72,1.26,-40,8,1
Gain,5.411153577,dB,0.72,1.26,-40,9,1
Gain,-8.827473826,dB,0.72,1.26,-40,10,1
Gain,-1.947591171,dB,0.72,1.26,-40,11,1
Gain,-5.213716783,dB,0.72,1.26,-40,12,1
Gain,5.45048142,dB,0.72,1.26,-40,13,1
Gain,-7.75502749,dB,0.72,1.26,-40,14,1
Gain,-1.241570216,dB,0.72,1.26,-40,15,1
Gain,5.147634685,dB,0.72,1.26,-40,16,1
Gain,1.021811727,dB,0.72,1.26,-40,17,1
Gain,-2.614752734,dB,0.72,1.26,-40,18,1
Gain,-0.06230003159,dB,0.72,1.26,-40,19,1
Gain,3.78340837,dB,0.72,1.26,-40,20,1
Gain,-8.066385274,dB,0.72,1.26,-40,21,1
Gain,3.855988324,dB,0.72,1.26,-40,22,1
Gain,-2.104185424,dB,0.72,1.26,-40,23,1
Gain,1.963490763,dB,0.72,1.26,-40,24,1
Gain,-8.725461362,dB,0.72,1.14,-40,0,1
Gain,-3.089124645,dB,0.72,1.14,-40,1,1
Gain,3.630898469,dB,0.72,1.14,-40,2,1
Gain,4.576087805,dB,0.72,1.14,-40,3,1
Gain,-7.960778054,dB,0.72,1.14,-40,4,1
Gain,-9.010594651,dB,0.72,1.14,-40,5,1
Gain,0.1808160109,dB,0.72,1.14,-40,6,1
Gain,-8.295942236,dB,0.72,1.14,-40,7,1
Gain,-2.220154102,dB,0.72,1.14,-40,8,1
Gain,-5.936019745,dB,0.72,1.14,-40,9,1
Gain,-1.052284389,dB,0.72,1.14,-40,10,1
Gain,-4.360314912,dB,0.72,1.14,-40,11,1
Gain,-6.88770831,dB,0.72,1.14,-40,12,1
Gain,-7.520089137,dB,0.72,1.14,-40,13,1
Gain,0.9288866274,dB,0.72,1.14,-40,14,1
Gain,-0.3707700371,dB,0.72,1.14,-40,15,1
Gain,-0.148143031,dB,0.72,1.14,-40,16,1
Gain,-6.080931811,dB,0.72,1.14,-40,17,1
Gain,2.528562166,dB,0.72,1.14,-40,18,1
Gain,-0.875061696,dB,0.72,1.14,-40,19,1
Gain,-0.5954231378,dB,0.72,1.14,-40,20,1
Gain,-1.500932594,dB,0.72,1.14,-40,21,1
Gain,-0.2483787613,dB,0.72,1.14,-40,22,1
Gain,1.943286906,dB,0.72,1.14,-40,23,1
Gain,4.189522364,dB,0.72,1.14,-40,24,1
Gain,-4.955054111,dB,0.8,1.2,85,0,1
Gain,2.564864425,dB,0.8,1.2,85,1,1
Gain,-7.215167831,dB,0.8,1.2,85,2,1
Gain,-2.602433314,dB,0.8,1.2,85,3,1
Gain,-9.122835266,dB,0.8,1.2,85,4,1
Gain,-3.424841275,dB,0.8,1.2,85,5,1
Gain,-4.922177137,dB,0.8,1.2,85,6,1
Gain,1.86734966,dB,0.8,1.2,85,7,1
Gain,1.740015107,dB,0.8,1.2,85,8,1
Gain,5.228317318,dB,0.8,1.2,85,9,1
Gain,-5.585412307,dB,0.8,1.2,85,10,1
Gain,2.603579619,dB,0.8,1.2,85,11,1
Gain,-9.695859255,dB,0.8,1.2,85,12,1
Gain,2.802531001,dB,0.8,1.2,85,13,1
Gain,4.245958671,dB,0.8,1.2,85,14,1
Gain,-6.256318155,dB,0.8,1.2,85,15,1
Gain,3.085816096,dB,0.8,1.2,85,16,1
Gain,-4.138748277,dB,0.8,1.2,85,17,1
Gain,5.054851572,dB,0.8,1.2,85,18,1
Gain,-0.8468557345,dB,0.8,1.2,85,19,1
Gain,0.41911035,dB,0.8,1.2,85,20,1
Gain,2.400298888,dB,0.8,1.2,85,21,1
Gain,-2.429884198,dB,0.8,1.2,85,22,1
Gain,-9.461494131,dB,0.8,1.2,85,23,1
Gain,0.6293989611,dB,0.8,1.2,85,24,1
Gain,2.542074787,dB,0.8,1.26,85,0,1
Gain,1.271050873,dB,0.8,1.26,85,1,1
Gain,-1.233408411,dB,0.8,1.26,85,2,1
Gain,-2.240421555,dB,0.8,1.26,85,3,1
Gain,2.168896692,dB,0.8,1.26,85,4,1
Gain,-5.531379148,dB,0.8,1.26,85,5,1
Gain,-6.45822145,dB,0.8,1.26,85,6,1
Gain,-9.611679634,dB,0.8,1.26,85,7,1
Gain,-3.187801345,dB,0.8,1.26,85,8,1
Gain,4.892409224,dB,0.8,1.26,85,9,1
Gain,-9.330071385,dB,0.8,1.26,85,10,1
Gain,2.354610171,dB,0.8,1.26,85,11,1
Gain,3.584494414,dB,0.8,1.26,85,12,1
Gain,1.696908607,dB,0.8,1.26,85,13,1
Gain,1.279704464,dB,0.8,1.26,85,14,1
Gain,-9.935377091,dB,0.8,1.26,85,15,1
Gain,4.83544531,dB,0.8,1.26,85,16,1
Gain,1.896773477,dB,0.8,1.26,85,17,1
Gain,-3.52156217,dB,0.8,1.26,85,18,1
Gain,4.207303339,dB,0.8,1.26,85,19,1
Gain,3.826675127,dB,0.8,1.26,85,20,1
Gain,-7.182828056,dB,0.8,1.26,85,21,1
Gain,1.095799452,dB,0.8,1.26,85,22,1
Gain,-0.5541949745,dB,0.8,1.26,85,23,1
Gain,5.001127871,dB,0.8,1.26,85,24,1
Gain,-1.505712277,dB,0.8,1.14,85,0,1
Gain,-5.815410029,dB,0.8,1.14,85,1,1
Gain,-1.497684664,dB,0.8,1.14,85,2,1
Gain,0.2486595126,dB,0.8,1.14,85,3,1
Gain,-2.202418257,dB,0.8,1.14,85,4,1
Gain,5.153222149,dB,0.8,1.14,85,5,1
Gain,4.252951682,dB,0.8,1.14,85,6,1
Gain,5.263874261,dB,0.8,1.14,85,7,1
Gain,3.630681266,dB,0.8,1.14,85,8,1
Gain,-3.611718889,dB,0.8,1.14,85,9,1
Gain,0.1459077729,dB,0.8,1.14,85,10,1
Gain,1.103982604,dB,0.8,1.14,85,11,1
Gain,-2.491489478,dB,0.8,1.14,85,12,1
Gain,-5.168853108,dB,0.8,1.14,85,13,1
Gain,-1.605454697,dB,0.8,1.14,85,14,1
Gain,-1.038652704,dB,0.8,1.14,85,15,1
Gain,4.426888839,dB,0.8,1.14,85,16,1
Gain,0.8900565104,dB,0.8,1.14,85,17,1
Gain,-3.370613389,dB,0.8,1.14,85,18,1
Gain,0.4474185899,dB,0.8,1.14,85,19,1
Gain,-5.915725609,dB,0.8,1.14,85,20,1
Gain,3.686968603,dB,0.8,1.14,85,21,1
Gain,-9.713575949,dB,0.8,1.14,85,22,1
Gain,4.403800351,dB,0.8,1.14,85,23,1
Gain,-0.7309659981,dB,0.8,1.14,85,24,1
Gain,3.116647035,dB,0.88,1.2,85,0,1
Gain,0.8976381198,dB,0.88,1.2,85,1,1
Gain,-6.448422405,dB,0.88,1.2,85,2,1
Gain,4.446503691,dB,0.88,1.2,85,3,1
Gain,-5.124621359,dB,0.88,1.2,85,4,1
Gain,-2.605917517,dB,0.88,1.2,85,5,1
Gain,-7.781207429,dB,0.88,1.2,85,6,1
Gain,-5.954176676,dB,0.88,1.2,85,7,1
Gain,2.505661519,dB,0.88,1.2,85,8,1
Gain,-2.105449005,dB,0.88,1.2,85,9,1
Gain,-0.4985484561,dB,0.88,1.2,85,10,1
Gain,4.833464446,dB,0.88,1.2,85,11,1
Gain,-5.98488844,dB,0.88,1.2,85,12,1
Gain,2.784459987,dB,0.88,1.2,85,13,1
Gain,3.012224239,dB,0.88,1.2,85,14,1
Gain,1.065531641,dB,0.88,1.2,85,15,1
Gain,0.2849651382,dB,0.88,1.2,85,16,1
Gain,-6.872040368,dB,0.88,1.2,85,17,1
Gain,-3.800132398,dB,0.88,1.2,85,18,1
Gain,5.291722648,dB,0.88,1.2,85,19,1
Gain,-0.18030827,dB,0.88,1.2,85,20,1
Gain,-4.150048867,dB,0.88,1.2,85,21,1
Gain,-1.742369183,dB,0.88,1.2,85,22,1
Gain,-9.144392948,dB,0.88,1.2,85,23,1
Gain,-9.281227703,dB,0.88,1.2,85,24,1
Gain,3.731015914,dB,0.88,1.26,85,0,1
Gain,-0.1204364898,dB,0.88,1.26,85,1,1
Gain,-6.403708296,dB,0.88,1.26,85,2,1
Gain,-4.55126089,dB,0.88,1.26,85,3,1
Gain,-0.8388444729,dB,0.88,1.26,85,4,1
Gain,-1.761701614,dB,0.88,1.26,85,5,1
Gain,-9.709351233,dB,0.88,1.26,85,6,1
Gain,-8.931008605,dB,0.88,1.26,85,7,1
Gain,-1.069373191,dB,0.88,1.26,85,8,1
Gain,3.84416734,dB,0.88,1.26,85,9,1
Gain,2.995725981,dB,0.88,1.26,85,10,1
Gain,-7.961395102,dB,0.88,1.26,85,11,1
Gain,-3.577653124,dB,0.88,1.26,85,12,1
Gain,2.30727162,dB,0.88,1.26,85,13,1
Gain,0.5929190514,dB,0.88,1.26,85,14,1
Gain,-0.6928293596,dB,0.88,1.26,85,15,1
Gain,3.748847545,dB,0.88,1.26,85,16,1
Gain,1.771607358,dB,0.88,1.26,85,17,1
Gain,-7.37230369,dB,0.88,1.26,85,18,1
Gain,-4.960984432,dB,0.88,1.26,85,19,1
Gain,1.159053387,dB,0.88,1.26,85,20,1
Gain,-9.915259519,dB,0.88,1.26,85,21,1
Gain,-9.766180686,dB,0.88,1.26,85,22,1
Gain,-5.188939691,dB,0.88,1.26,85,23,1
Gain,-5.778061932,dB,0.88,1.26,85,24,1
Gain,0.1530293821,dB,0.88,1.14,85,0,1
Gain,-0.8116066715,dB,0.88,1.14,85,1,1
Gain,-2.461653607,dB,0.88,1.14,85,2,1
Gain,-8.701606808,dB,0.88,1.14,85,3,1
Gain,5.100586804,dB,0.88,1.14,85,4,1
Gain,-8.654093021,dB,0.88,1.14,85,5,1
Gain,-8.786066048,dB,0.88,1.14,85,6,1
Gain,-0.9309309823,dB,0.88,1.14,85,7,1
Gain,-4.501976786,dB,0.88,1.14,85,8,1
Gain,-8.8577426,dB,0.88,1.14,85,9,1
Gain,-9.293491732,dB,0.88,1.14,85,10,1
Gain,-6.597024629,dB,0.88,1.14,85,11,1
Gain,3.93129231,dB,0.88,1.14,85,12,1
Gain,-8.66924521,dB,0.88,1.14,85,13,1
Gain,-2.183605053,dB,0.88,1.14,85,14,1
Gain,0.4637255425,dB,0.88,1.14,85,15,1
Gain,-5.208042058,dB,0.88,1.14,85,16,1
Gain,-0.02081638235,dB,0.88,1.14,85,17,1
Gain,2.04406771,dB,0.88,1.14,85,18,1
Gain,-5.516637652,dB,0.88,1.14,85,19,1
Gain,1.206371176,dB,0.88,1.14,85,20,1
Gain,-5.563785342,dB,0.88,1.14,85,21,1
Gain,-6.166474391,dB,0.88,1.14,85,22,1
Gain,2.586185851,dB,0.88,1.14,85,23,1
Gain,-8.207188203,dB,0.88,1.14,85,24,1
Gain,-7.90780589,dB,0.72,1.2,85,0,1
Gain,-1.468393,dB,0.72,1.2,85,1,1
Gain,2.648594458,dB,0.72,1.2,85,2,1
Gain,4.208800978,dB,0.72,1.2,85,3,1
Gain,-6.910573312,dB,0.72,1.2,85,4,1
Gain,-8.920513254,dB,0.72,1.2,85,5,1
Gain,1.910004711,dB,0.72,1.2,85,6,1
Gain,-5.019227791,dB,0.72,1.2,85,7,1
Gain,3.70551303,dB,0.72,1.2,85,8,1
Gain,-9.28357572,dB,0.72,1.2,85,9,1
Gain,0.4149597272,dB,0.72,1.2,85,10,1
Gain,0.7092424086,dB,0.72,1.2,85,11,1
Gain,-1.01333702,dB,0.72,1.2,85,12,1
Gain,-8.233477808,dB,0.72,1.2,85,13,1
Gain,-0.1041297944,dB,0.72,1.2,85,14,1
Gain,-1.071510273,dB,0.72,1.2,85,15,1
Gain,-6.238119081,dB,0.72,1.2,85,16,1
Gain,1.354270854,dB,0.72,1.2,85,17,1
Gain,0.08891710389,dB,0.72,1.2,85,18,1
Gain,4.973819787,dB,0.72,1.2,85,19,1
Gain,-6.843912588,dB,0.72,1.2,85,20,1
Gain,1.819581787,dB,0.72,1.2,85,21,1
Gain,-0.6368961801,dB,0.72,1.2,85,22,1
Gain,-4.655176832,dB,0.72,1.2,85,23,1
Gain,-7.582445751,dB,0.72,1.2,85,24,1
Gain,-4.039173639,dB,0.72,1.26,85,0,1
Gain,-3.292065946,dB,0.72,1.26,85,1,1
Gain,-6.743438019,dB,0.72,1.26,85,2,1
Gain,-0.4847307907,dB,0.72,1.26,85,3,1
Gain,-6.890555983,dB,0.72,1.26,85,4,1
Gain,3.045317847,dB,0.72,1.26,85,5,1
Gain,-8.766536455,dB,0.72,1.26,85,6,1
Gain,-1.927131624,dB,0.72,1.26,85,7,1
Gain,-5.070536933,dB,0.72,1.26,85,8,1
Gain,1.970305331,dB,0.72,1.26,85,9,1
Gain,2.350885008,dB,0.72,1.26,85,10,1
Gain,-2.482646957,dB,0.72,1.26,85,11,1
Gain,-0.1011434161,dB,0.72,1.26,85,12,1
Gain,-1.212924157,dB,0.72,1.26,85,13,1
Gain,-8.158286756,dB,0.72,1.26,85,14,1
Gain,2.736281571,dB,0.72,1.26,85,15,1
Gain,-9.172153626,dB,0.72,1.26,85,16,1
Gain,2.389823199,dB,0.72,1.26,85,17,1
Gain,-7.093088598,dB,0.72,1.26,85,18,1
Gain,-2.307648629,dB,0.72,1.26,85,19,1
Gain,-2.889234871,dB,0.72,1.26,85,20,1
Gain,-7.641360289,dB,0.72,1.26,85,21,1
Gain,-2.15290633,dB,0.72,1.26,85,22,1
Gain,-1.103815919,dB,0.72,1.26,85,23,1
Gain,5.084798478,dB,0.72,1.26,85,24,1
Gain,-9.504562554,dB,0.72,1.14,85,0,1
Gain,2.967402395,dB,0.72,1.14,85,1,1
Gain,4.118595414,dB,0.72,1.14,85,2,1
Gain,1.81467834,dB,0.72,1.14,85,3,1
Gain,1.167650189,dB,0.72,1.14,85,4,1
Gain,-0.708520508,dB,0.72,1.14,85,5,1
Gain,-7.305771386,dB,0.72,1.14,85,6,1
Gain,1.663968741,dB,0.72,1.14,85,7,1
Gain,-4.186279662,dB,0.72,1.14,85,8,1
Gain,-7.983841004,dB,0.72,1.14,85,9,1
Gain,2.374147664,dB,0.72,1.14,85,10,1
Gain,3.287358027,dB,0.72,1.14,85,11,1
Gain,1.082964436,dB,0.72,1.14,85,12,1
Gain,-7.011769962,dB,0.72,1.14,85,13,1
Gain,5.138629559,dB,0.72,1.14,85,14,1
Gain,1.971587348,dB,0.72,1.14,85,15,1
Gain,-9.098128505,dB,0.72,1.14,85,16,1
Gain,-1.986946407,dB,0.72,1.14,85,17,1
Gain,-1.255478409,dB,0.72,1.14,85,18,1
Gain,-2.263537607,dB,0.72,1.14,85,19,1
Gain,-6.6788976,dB,0.72,1.14,85,20,1
Gain,-8.886549426,dB,0.72,1.14,85,21,1
Gain,1.789435373,dB,0.72,1.14,85,22,1
Gain,-9.922084799,dB,0.72,1.14,85,23,1
Gain,-3.845300967,dB,0.72,1.14,85,24,1
Gain,4.970969827,dB,0.8,1.2,105,0,1
Gain,-3.552553552,dB,0.8,1.2,105,1,1
Gain,-9.378796889,dB,0.8,1.2,105,2,1
Gain,-7.292479319,dB,0.8,1.2,105,3,1
Gain,-7.79465269,dB,0.8,1.2,105,4,1
Gain,-0.1367869475,dB,0.8,1.2,105,5,1
Gain,-8.251311975,dB,0.8,1.2,105,6,1
Gain,2.237900062,dB,0.8,1.2,105,7,1
Gain,-4.123728119,dB,0.8,1.2,105,8,1
Gain,-0.5301060749,dB,0.8,1.2,105,9,1
Gain,-2.409760576,dB,0.8,1.2,105,10,1
Gain,-3.687429677,dB,0.8,1.2,105,11,1
Gain,-3.058277449,dB,0.8,1.2,105,12,1
Gain,4.928583179,dB,0.8,1.2,105,13,1
Gain,-2.404593916,dB,0.8,1.2,105,14,1
Gain,-5.594092511,dB,0.8,1.2,105,15,1
Gain,-5.896695726,dB,0.8,1.2,105,16,1
Gain,3.024270313,dB,0.8,1.2,105,17,1
Gain,-1.778583264,dB,0.8,1.2,105,18,1
Gain,-9.498990368,dB,0.8,1.2,105,19,1
Gain,2.487824371,dB,0.8,1.2,105,20,1
Gain,5.349850205,dB,0.8,1.2,105,21,1
Gain,-7.046983576,dB,0.8,1.2,105,22,1
Gain,2.135985042,dB,0.8,1.2,105,23,1
Gain,5.211609285,dB,0.8,1.2,105,24,1
Gain,3.085137701,dB,0.8,1.26,105,0,1
Gain,-3.801643011,dB,0.8,1.26,105,1,1
Gain,0.3101620163,dB,0.8,1.26,105,2,1
Gain,-1.856932964,dB,0.8,1.26,105,3,1
Gain,-0.0445971925,dB,0.8,1.26,105,4,1
Gain,5.170189505,dB,0.8,1.26,105,5,1
Gain,3.187901576,dB,0.8,1.26,105,6,1
Gain,0.3373042962,dB,0.8,1.26,105,7,1
Gain,2.678892498,dB,0.8,1.26,105,8,1
Gain,4.086852778,dB,0.8,1.26,105,9,1
Gain,-7.32112625,dB,0.8,1.26,105,10,1
Gain,-0.6428769734,dB,0.8,1.26,105,11,1
Gain,-6.981823255,dB,0.8,1.26,105,12,1
Gain,-7.197335818,dB,0.8,1.26,105,13,1
Gain,-2.27050536,dB,0.8,1.26,105,14,1
Gain,-0.8802847536,dB,0.8,1.26,105,15,1
Gain,3.534250018,dB,0.8,1.26,105,16,1
Gain,-9.762954079,dB,0.8,1.26,105,17,1
Gain,4.397824536,dB,0.8,1.26,105,18,1
Gain,-3.038634045,dB,0.8,1.26,105,19,1
Gain,-1.172127942,dB,0.8,1.26,105,20,1
Gain,4.837903375,dB,0.8,1.26,105,21,1
Gain,1.513451668,dB,0.8,1.26,105,22,1
Gain,-8.569124448,dB,0.8,1.26,105,23,1
Gain,4.546504448,dB,0.8,1.26,105,24,1
Gain,-9.88857521,dB,0.8,1.14,105,0,1
Gain,-4.598190821,dB,0.8,1.14,105,1,1
Gain,-0.5299902158,dB,0.8,1.14,105,2,1
Gain,-2.989361771,dB,0.8,1.14,105,3,1
Gain,5.342073515,dB,0.8,1.14,105,4,1
Gain,-7.221023496,dB,0.8,1.14,105,5,1
Gain,-8.289940147,dB,0.8,1.14,105,6,1
Gain,-3.422125525,dB,0.8,1.14,105,7,1
Gain,-2.657609758,dB,0.8,1.14,105,8,1
Gain,-6.981992695,dB,0.8,1.14,105,9,1
Gain,-8.448771689,dB,0.8,1.14,105,10,1
Gain,-1.997041587,dB,0.8,1.14,105,11,1
Gain,-3.681879463,dB,0.8,1.14,105,12,1
Gain,-5.275196797,dB,0.8,1.14,105,13,1
Gain,-7.218036738,dB,0.8,1.14,105,14,1
Gain,-2.800278605,dB,0.8,1.14,105,15,1
Gain,-0.8058573277,dB,0.8,1.14,105,16,1
Gain,-7.010820161,dB,0.8,1.14,105,17,1
Gain,-0.8145588447,dB,0.8,1.14,105,18,1
Gain,0.02857941159,dB,0.8,1.14,105,19,1
Gain,-0.129890939,dB,0.8,1.14,105,20,1
Gain,-0.2839756624,dB,0.8,1.14,105,21,1
Gain,5.224587304,dB,0.8,1.14,105,22,1
Gain,-8.457939964,dB,0.8,1.14,105,23,1
Gain,-5.517595189,dB,0.8,1.14,105,24,1
Gain,-6.308237986,dB,0.88,1.2,105,0,1
Gain,5.436392291,dB,0.88,1.2,105,1,1
Gain,4.340338635,dB,0.88,1.2,105,2,1
Gain,-7.545487158,dB,0.88,1.2,105,3,1
Gain,-9.481269513,dB,0.88,1.2,105,4,1
Gain,-7.698492107,dB,0.88,1.2,105,5,1
Gain,-2.163843752,dB,0.88,1.2,105,6,1
Gain,-7.423298773,dB,0.88,1.2,105,7,1
Gain,-0.5607530675,dB,0.88,1.2,105,8,1
Gain,1.730729282,dB,0.88,1.2,105,9,1
Gain,2.173589813,dB,0.88,1.2,105,10,1
Gain,-5.975773923,dB,0.88,1.2,105,11,1
Gain,-8.077718781,dB,0.88,1.2,105,12,1
Gain,3.402612653,dB,0.88,1.2,105,13,1
Gain,-8.915989183,dB,0.88,1.2,105,14,1
Gain,-3.623399557,dB,0.88,1.2,105,15,1
Gain,1.498128028,dB,0.88,1.2,105,16,1
Gain,5.115538652,dB,0.88,1.2,105,17,1
Gain,-4.931209293,dB,0.88,1.2,105,18,1
Gain,-5.920648636,dB,0.88,1.2,105,19,1
Gain,-1.131203457,dB,0.88,1.2,105,20,1
Gain,-3.020599294,dB,0.88,1.2,105,21,1
Gain,5.252221697,dB,0.88,1.2,105,22,1
Gain,-1.559455107,dB,0.88,1.2,105,23,1
Gain,1.417155539,dB,0.88,1.2,105,24,1
Gain,3.422982187,dB,0.88,1.26,105,0,1
Gain,2.336853218,dB,0.88,1.26,105,1,1
Gain,-4.251461388,dB,0.88,1.26,105,2,1
Gain,4.843455197,dB,0.88,1.26,105,3,1
Gain,-0.6233910283,dB,0.88,1.26,105,4,1
Gain,-4.679132538,dB,0.88,1.26,105,5,1
Gain,4.66746056,dB,0.88,1.26,105,6,1
Gain,-4.377354126,dB,0.88,1.26,105,7,1
Gain,-4.967158964,dB,0.88,1.26,105,8,1
Gain,2.194113899,dB,0.88,1.26,105,9,1
Gain,2.550990416,dB,0.88,1.26,105,10,1
Gain,3.918878037,dB,0.88,1.26,105,11,1
Gain,1.292909638,dB,0.88,1.26,105,12,1
Gain,-4.697799737,dB,0.88,1.26,105,13,1
Gain,4.274760828,dB,0.88,1.26,105,14,1
Gain,-4.301405208,dB,0.88,1.26,105,15,1
Gain,2.855198326,dB,0.88,1.26,105,16,1
Gain,-9.327019606,dB,0.88,1.26,105,17,1
Gain,-5.089132359,dB,0.88,1.26,105,18,1
Gain,-3.945662381,dB,0.88,1.26,105,19,1
Gain,1.431368894,dB,0.88,1.26,105,20,1
Gain,3.624648478,dB,0.88,1.26,105,21,1
Gain,4.897569444,dB,0.88,1.26,105,22,1
Gain,-8.991955867,dB,0.88,1.26,105,23,1
Gain,5.14903763,dB,0.88,1.26,105,24,1
Gain,3.744853421,dB,0.88,1.14,105,0,1
Gain,-4.534294798,dB,0.88,1.14,105,1,1
Gain,-9.466420777,dB,0.88,1.14,105,2,1
Gain,-0.3940003021,dB,0.88,1.14,105,3,1
Gain,2.13934439,dB,0.88,1.14,105,4,1
Gain,-5.138765803,dB,0.88,1.14,105,5,1
Gain,-6.230051035,dB,0.88,1.14,105,6,1
Gain,-2.616072112,dB,0.88,1.14,105,7,1
Gain,-4.910808168,dB,0.88,1.14,105,8,1
Gain,2.164211196,dB,0.88,1.14,105,9,1
Gain,-0.238387433,dB,0.88,1.14,105,10,1
Gain,-1.426343733,dB,0.88,1.14,105,11,1
Gain,3.173978592,dB,0.88,1.14,105,12,1
Gain,2.136896752,dB,0.88,1.14,105,13,1
Gain,-3.998663826,dB,0.88,1.14,105,14,1
Gain,0.7786384485,dB,0.88,1.14,105,15,1
Gain,-5.930132468,dB,0.88,1.14,105,16,1
Gain,-7.064699112,dB,0.88,1.14,105,17,1
Gain,3.435076406,dB,0.88,1.14,105,18,1
Gain,5.488005227,dB,0.88,1.14,105,19,1
Gain,-6.181168268,dB,0.88,1.14,105,20,1
Gain,-5.904315313,dB,0.88,1.14,105,21,1
Gain,-1.663894641,dB,0.88,1.14,105,22,1
Gain,1.341415336,dB,0.88,1.14,105,23,1
Gain,-3.912400151,dB,0.88,1.14,105,24,1
Gain,-1.660461806,dB,0.72,1.2,105,0,1
Gain,-9.591370987,dB,0.72,1.2,105,1,1
Gain,-1.513989527,dB,0.72,1.2,105,2,1
Gain,-6.746201728,dB,0.72,1.2,105,3,1
Gain,2.296912761,dB,0.72,1.2,105,4,1
Gain,5.247790237,dB,0.72,1.2,105,5,1
Gain,3.205181777,dB,0.72,1.2,105,6,1
Gain,4.927809051,dB,0.72,1.2,105,7,1
Gain,-2.161931495,dB,0.72,1.2,105,8,1
Gain,-8.072687147,dB,0.72,1.2,105,9,1
Gain,1.830021814,dB,0.72,1.2,105,10,1
Gain,-9.211674624,dB,0.72,1.2,105,11,1
Gain,-7.00028679,dB,0.72,1.2,105,12,1
Gain,-3.219363767,dB,0.72,1.2,105,13,1
Gain,-6.801600257,dB,0.72,1.2,105,14,1
Gain,-9.796493641,dB,0.72,1.2,105,15,1
Gain,-8.508817148,dB,0.72,1.2,105,16,1
Gain,-3.224466292,dB,0.72,1.2,105,17,1
Gain,2.907736015,dB,0.72,1.2,105,18,1
Gain,-2.826598316,dB,0.72,1.2,105,19,1
Gain,5.368283771,dB,0.72,1.2,105,20,1
Gain,-8.390292984,dB,0.72,1.2,105,21,1
Gain,4.953893968,dB,0.72,1.2,105,22,1
Gain,5.18932684,dB,0.72,1.2,105,23,1
Gain,5.344143537,dB,0.72,1.2,105,24,1
Gain,-9.054142327,dB,0.72,1.26,105,0,1
Gain,-1.68447244,dB,0.72,1.26,105,1,1
Gain,-1.954452343,dB,0.72,1.26,105,2,1
Gain,-5.98295831,dB,0.72,1.26,105,3,1
Gain,-8.748238076,dB,0.72,1.26,105,4,1
Gain,-5.287067318,dB,0.72,1.26,105,5,1
Gain,-4.984540903,dB,0.72,1.26,105,6,1
Gain,-1.99920858,dB,0.72,1.26,105,7,1
Gain,2.610228485,dB,0.72,1.26,105,8,1
Gain,-5.124437519,dB,0.72,1.26,105,9,1
Gain,4.879140427,dB,0.72,1.26,105,10,1
Gain,-8.333479609,dB,0.72,1.26,105,11,1
Gain,-6.967767927,dB,0.72,1.26,105,12,1
Gain,-6.509521647,dB,0.72,1.26,105,13,1
Gain,-6.460476113,dB,0.72,1.26,105,14,1
Gain,-9.010814489,dB,0.72,1.26,105,15,1
Gain,4.881549454,dB,0.72,1.26,105,16,1
Gain,2.268837591,dB,0.72,1.26,105,17,1
Gain,1.667383335,dB,0.72,1.26,105,18,1
Gain,-7.421485776,dB,0.72,1.26,105,19,1
Gain,0.9565646951,dB,0.72,1.26,105,20,1
Gain,2.735457168,dB,0.72,1.26,105,21,1
Gain,-2.057812403,dB,0.72,1.26,105,22,1
Gain,5.248277533,dB,0.72,1.26,105,23,1
Gain,-0.3656473938,dB,0.72,1.26,105,24,1
Gain,-1.576264168,dB,0.72,1.14,105,0,1
Gain,-9.581531104,dB,0.72,1.14,105,1,1
Gain,-2.685165313,dB,0.72,1.14,105,2,1
Gain,2.661336898,dB,0.72,1.14,105,3,1
Gain,-9.789729609,dB,0.72,1.14,105,4,1
Gain,-7.947811318,dB,0.72,1.14,105,5,1
Gain,-8.767109563,dB,0.72,1.14,105,6,1
Gain,4.99887136,dB,0.72,1.14,105,7,1
Gain,-9.884235126,dB,0.72,1.14,105,8,1
Gain,3.594254052,dB,0.72,1.14,105,9,1
Gain,4.941711343,dB,0.72,1.14,105,10,1
Gain,0.3655575238,dB,0.72,1.14,105,11,1
Gain,0.631873348,dB,0.72,1.14,105,12,1
Gain,-4.524572663,dB,0.72,1.14,105,13,1
Gain,-3.867161717,dB,0.72,1.14,105,14,1
Gain,-1.082690071,dB,0.72,1.14,105,15,1
Gain,4.290307821,dB,0.72,1.14,105,16,1
Gain,2.544058689,dB,0.72,1.14,105,17,1
Gain,-6.081792198,dB,0.72,1.14,105,18,1
Gain,0.8869653344,dB,0.72,1.14,105,19,1
Gain,2.679408968,dB,0.72,1.14,105,20,1
Gain,-0.5676139275,dB,0.72,1.14,105,21,1
Gain,-8.880217264,dB,0.72,1.14,105,22,1
Gain,1.743138672,dB,0.72,1.14,105,23,1
Gain,-5.957971182,dB,0.72,1.14,105,24,1
Gain,-6.488190577,dB,0.8,1.2,125,0,1
Gain,-2.777339709,dB,0.8,1.2,125,1,1
Gain,-6.688848579,dB,0.8,1.2,125,2,1
Gain,2.353826087,dB,0.8,1.2,125,3,1
Gain,4.278590824,dB,0.8,1.2,125,4,1
Gain,4.881353595,dB,0.8,1.2,125,5,1
Gain,-7.740786302,dB,0.8,1.2,125,6,1
Gain,3.011250959,dB,0.8,1.2,125,7,1
Gain,2.780227193,dB,0.8,1.2,125,8,1
Gain,-1.898981886,dB,0.8,1.2,125,9,1
Gain,-8.754640192,dB,0.8,1.2,125,10,1
Gain,-1.524488053,dB,0.8,1.2,125,11,1
Gain,-4.548631699,dB,0.8,1.2,125,12,1
Gain,-5.08021987,dB,0.8,1.2,125,13,1
Gain,-3.898037255,dB,0.8,1.2,125,14,1
Gain,-5.314609394,dB,0.8,1.2,125,15,1
Gain,-1.297195117,dB,0.8,1.2,125,16,1
Gain,-5.68904585,dB,0.8,1.2,125,17,1
Gain,2.529964324,dB,0.8,1.2,125,18,1
Gain,-5.949888528,dB,0.8,1.2,125,19,1
Gain,-0.1302224162,dB,0.8,1.2,125,20,1
Gain,-8.316871339,dB,0.8,1.2,125,21,1
Gain,-2.371130962,dB,0.8,1.2,125,22,1
Gain,-7.021728298,dB,0.8,1.2,125,23,1
Gain,-8.782597431,dB,0.8,1.2,125,24,1
Gain,-1.100237428,dB,0.8,1.26,125,0,1
Gain,-6.196382289,dB,0.8,1.26,125,1,1
Gain,3.874653673,dB,0.8,1.26,125,2,1
Gain,-2.812860822,dB,0.8,1.26,125,3,1
Gain,-5.711692836,dB,0.8,1.26,125,4,1
Gain,-9.774556568,dB,0.8,1.26,125,5,1
Gain,-1.865503596,dB,0.8,1.26,125,6,1
Gain,-8.471568355,dB,0.8,1.26,125,7,1
Gain,-4.092400171,dB,0.8,1.26,125,8,1
Gain,-4.851961237,dB,0.8,1.26,125,9,1
Gain,-9.269407256,dB,0.8,1.26,125,10,1
Gain,-8.304873321,dB,0.8,1.26,125,11,1
Gain,5.274291881,dB,0.8,1.26,125,12,1
Gain,5.396253027,dB,0.8,1.26,125,13,1
Gain,2.232875982,dB,0.8,1.26,125,14,1
Gain,-7.642714173,dB,0.8,1.26,125,15,1
Gain,-6.229489701,dB,0.8,1.26,125,16,1
Gain,-3.802764058,dB,0.8,1.26,125,17,1
Gain,-9.895423544,dB,0.8,1.26,125,18,1
Gain,-5.619042901,dB,0.8,1.26,125,19,1
Gain,0.299146299,dB,0.8,1.26,125,20,1
Gain,-8.114956941,dB,0.8,1.26,125,21,1
Gain,-9.338929796,dB,0.8,1.26,125,22,1
Gain,0.5983206076,dB,0.8,1.26,125,23,1
Gain,1.525266098,dB,0.8,1.26,125,24,1
Gain,-8.89012114,dB,0.8,1.14,125,0,1
Gain,-2.453314425,dB,0.8,1.14,125,1,1
Gain,2.918728327,dB,0.8,1.14,125,2,1
Gain,5.358458575,dB,0.8,1.14,125,3,1
Gain,-5.706192495,dB,0.8,1.14,125,4,1
Gain,-0.2222447828,dB,0.8,1.14,125,5,1
Gain,-7.105049631,dB,0.8,1.14,125,6,1
Gain,0.8158456199,dB,0.8,1.14,125,7,1
Gain,-8.900207804,dB,0.8,1.14,125,8,1
Gain,1.416788133,dB,0.8,1.14,125,9,1
Gain,-6.731616081,dB,0.8,1.14,125,10,1
Gain,4.77576871,dB,0.8,1.14,125,11,1
Gain,-9.064545691,dB,0.8,1.14,125,12,1
Gain,-8.365685592,dB,0.8,1.14,125,13,1
Gain,-1.477451093,dB,0.8,1.14,125,14,1
Gain,-1.202194485,dB,0.8,1.14,125,15,1
Gain,-0.5445190445,dB,0.8,1.14,125,16,1
Gain,-9.71995012,dB,0.8,1.14,125,17,1
Gain,1.138165566,dB,0.8,1.14,125,18,1
Gain,4.008565434,dB,0.8,1.14,125,19,1
Gain,-1.029176514,dB,0.8,1.14,125,20,1
Gain,2.618037704,dB,0.8,1.14,125,21,1
Gain,0.2029074479,dB,0.8,1.14,125,22,1
Gain,3.260077033,dB,0.8,1.14,125,23,1
Gain,-8.110973102,dB,0.8,1.14,125,24,1
Gain,-2.387339308,dB,0.88,1.2,125,0,1
Gain,-2.698380054,dB,0.88,1.2,125,1,1
Gain,-3.356527831,dB,0.88,1.2,125,2,1
Gain,2.609782217,dB,0.88,1.2,125,3,1
Gain,-9.801827175,dB,0.88,1.2,125,4,1
Gain,-5.164429797,dB,0.88,1.2,125,5,1
Gain,3.839290135,dB,0.88,1.2,125,6,1
Gain,4.009143965,dB,0.88,1.2,125,7,1
Gain,-3.75028013,dB,0.88,1.2,125,8,1
Gain,4.287340969,dB,0.88,1.2,125,9,1
Gain,-1.867915172,dB,0.88,1.2,125,10,1
Gain,-8.403557775,dB,0.88,1.2,125,11,1
Gain,-9.622859681,dB,0.88,1.2,125,12,1
Gain,-7.117117023,dB,0.88,1.2,125,13,1
Gain,4.405142483,dB,0.88,1.2,125,14,1
Gain,3.868842788,dB,0.88,1.2,125,15,1
Gain,3.366791292,dB,0.88,1.2,125,16,1
Gain,5.118744538,dB,0.88,1.2,125,17,1
Gain,-1.3847938,dB,0.88,1.2,125,18,1
Gain,-2.407131496,dB,0.88,1.2,125,19,1
Gain,0.7107002489,dB,0.88,1.2,125,20,1
Gain,-4.216932269,dB,0.88,1.2,125,21,1
Gain,3.334866488,dB,0.88,1.2,125,22,1
Gain,4.792854433,dB,0.88,1.2,125,23,1
Gain,3.929934324,dB,0.88,1.2,125,24,1
Gain,3.037320026,dB,0.88,1.26,125,0,1
Gain,3.282462949,dB,0.88,1.26,125,1,1
Gain,0.9683314674,dB,0.88,1.26,125,2,1
Gain,1.01552138,dB,0.88,1.26,125,3,1
Gain,-9.773244902,dB,0.88,1.26,125,4,1
Gain,5.181737612,dB,0.88,1.26,125,5,1
Gain,-1.791900462,dB,0.88,1.26,125,6,1
Gain,-7.654668791,dB,0.88,1.26,125,7,1
Gain,-5.669938592,dB,0.88,1.26,125,8,1
Gain,1.801028566,dB,0.88,1.26,125,9,1
Gain,-8.507715813,dB,0.88,1.26,125,10,1
Gain,-6.520570283,dB,0.88,1.26,125,11,1
Gain,-4.485907363,dB,0.88,1.26,125,12,1
Gain,-3.247500782,dB,0.88,1.26,125,13,1
Gain,1.885759175,dB,0.88,1.26,125,14,1
Gain,5.044393355,dB,0.88,1.26,125,15,1
Gain,-7.585549501,dB,0.88,1.26,125,16,1
Gain,1.75588623,dB,0.88,1.26,125,17,1
Gain,-3.012580632,dB,0.88,1.26,125,18,1
Gain,1.983256417,dB,0.88,1.26,125,19,1
Gain,4.432295357,dB,0.88,1.26,125,20,1
Gain,-4.972627392,dB,0.88,1.26,125,21,1
Gain,-4.558388844,dB,0.88,1.26,125,22,1
Gain,-5.138337033,dB,0.88,1.26,125,23,1
Gain,3.808354078,dB,0.88,1.26,125,24,1
Gain,-0.6223991789,dB,0.88,1.14,125,0,1
Gain,-9.879640071,dB,0.88,1.14,125,1,1
Gain,-4.632679223,dB,0.88,1.14,125,2,1
Gain,1.613545352,dB,0.88,1.14,125,3,1
Gain,-0.3787876319,dB,0.88,1.14,125,4,1
Gain,2.43845084,dB,0.88,1.14,125,5,1
Gain,-0.01104066713,dB,0.88,1.14,125,6,1
Gain,4.658738529,dB,0.88,1.14,125,7,1
Gain,2.967288207,dB,0.88,1.14,125,8,1
Gain,2.112192935,dB,0.88,1.14,125,9,1
Gain,-9.936505206,dB,0.88,1.14,125,10,1
Gain,4.55918097,dB,0.88,1.14,125,11,1
Gain,-6.078242617,dB,0.88,1.14,125,12,1
Gain,-1.708140967,dB,0.88,1.14,125,13,1
Gain,-6.522912706,dB,0.88,1.14,125,14,1
Gain,-8.098353857,dB,0.88,1.14,125,15,1
Gain,-4.197204308,dB,0.88,1.14,125,16,1
Gain,5.050346266,dB,0.88,1.14,125,17,1
Gain,-7.380181585,dB,0.88,1.14,125,18,1
Gain,3.290872594,dB,0.88,1.14,125,19,1
Gain,-8.91004697,dB,0.88,1.14,125,20,1
Gain,1.098865428,dB,0.88,1.14,125,21,1
Gain,4.217903168,dB,0.88,1.14,125,22,1
Gain,-1.582642164,dB,0.88,1.14,125,23,1
Gain,-9.254949408,dB,0.88,1.14,125,24,1
Gain,1.913411778,dB,0.72,1.2,125,0,1
Gain,-2.68377322,dB,0.72,1.2,125,1,1
Gain,5.330338991,dB,0.72,1.2,125,2,1
Gain,2.704049691,dB,0.72,1.2,125,3,1
Gain,-1.543209214,dB,0.72,1.2,125,4,1
Gain,-0.1415391071,dB,0.72,1.2,125,5,1
Gain,-9.173238073,dB,0.72,1.2,125,6,1
Gain,-8.940587902,dB,0.72,1.2,125,7,1
Gain,4.703766713,dB,0.72,1.2,125,8,1
Gain,-1.85181465,dB,0.72,1.2,125,9,1
Gain,-4.452669643,dB,0.72,1.2,125,10,1
Gain,-0.4350729758,dB,0.72,1.2,125,11,1
Gain,2.093297387,dB,0.72,1.2,125,12,1
Gain,-1.923387375,dB,0.72,1.2,125,13,1
Gain,-8.846022097,dB,0.72,1.2,125,14,1
Gain,-6.10927275,dB,0.72,1.2,125,15,1
Gain,-4.658036238,dB,0.72,1.2,125,16,1
Gain,-8.676001364,dB,0.72,1.2,125,17,1
Gain,1.712459013,dB,0.72,1.2,125,18,1
Gain,-9.907142462,dB,0.72,1.2,125,19,1
Gain,-9.258454475,dB,0.72,1.2,125,20,1
Gain,2.61557607,dB,0.72,1.2,125,21,1
Gain,4.277439494,dB,0.72,1.2,125,22,1
Gain,-5.684421512,dB,0.72,1.2,125,23,1
Gain,-4.327513595,dB,0.72,1.2,125,24,1
Gain,-7.724423854,dB,0.72,1.26,125,0,1
Gain,-6.973662274,dB,0.72,1.26,125,1,1
Gain,-4.20258848,dB,0.72,1.26,125,2,1
Gain,-2.5079108,dB,0.72,1.26,125,3,1
Gain,-9.027179051,dB,0.72,1.26,125,4,1
Gain,-2.032397031,dB,0.72,1.26,125,5,1
Gain,-9.691449857,dB,0.72,1.26,125,6,1
Gain,4.920005878,dB,0.72,1.26,125,7,1
Gain,-1.509199449,dB,0.72,1.26,125,8,1
Gain,0.3922691831,dB,0.72,1.26,125,9,1
Gain,-0.2388213921,dB,0.72,1.26,125,10,1
Gain,-9.085535596,dB,0.72,1.26,125,11,1
Gain,-8.345948209,dB,0.72,1.26,125,12,1
Gain,-4.394440777,dB,0.72,1.26,125,13,1
Gain,-3.792057147,dB,0.72,1.26,125,14,1
Gain,-6.040553831,dB,0.72,1.26,125,15,1
Gain,-1.548121197,dB,0.72,1.26,125,16,1
Gain,4.725152063,dB,0.72,1.26,125,17,1
Gain,4.032444341,dB,0.72,1.26,125,18,1
Gain,-0.2498301749,dB,0.72,1.26,125,19,1
Gain,-7.058554702,dB,0.72,1.26,125,20,1
Gain,-6.863052285,dB,0.72,1.26,125,21,1
Gain,-5.92872828,dB,0.72,1.26,125,22,1
Gain,-2.598834189,dB,0.72,1.26,125,23,1
Gain,-5.645582141,dB,0.72,1.26,125,24,1
Gain,-9.642414631,dB,0.72,1.14,125,0,1
Gain,4.771834606,dB,0.72,1.14,125,1,1
Gain,-6.937496151,dB,0.72,1.14,125,2,1
Gain,-6.949772379,dB,0.72,1.14,125,3,1
Gain,-9.501302297,dB,0.72,1.14,125,4,1
Gain,-4.960358549,dB,0.72,1.14,125,5,1
Gain,0.5449224786,dB,0.72,1.14,125,6,1
Gain,-9.190339026,dB,0.72,1.14,125,7,1
Gain,1.990732922,dB,0.72,1.14,125,8,1
Gain,-7.553030039,dB,0.72,1.14,125,9,1
Gain,-1.605994061,dB,0.72,1.14,125,10,1
Gain,-9.582459203,dB,0.72,1.14,125,11,1
Gain,1.054772235,dB,0.72,1.14,125,12,1
Gain,0.3335866556,dB,0.72,1.14,125,13,1
Gain,1.151728781,dB,0.72,1.14,125,14,1
Gain,5.415392953,dB,0.72,1.14,125,15,1
Gain,2.271218266,dB,0.72,1.14,125,16,1
Gain,0.6199263919,dB,0.72,1.14,125,17,1
Gain,-8.223291605,dB,0.72,1.14,125,18,1
Gain,-7.376830865,dB,0.72,1.14,125,19,1
Gain,-5.034801883,dB,0.72,1.14,125,20,1
Gain,3.20912549,dB,0.72,1.14,125,21,1
Gain,-7.279808696,dB,0.72,1.14,125,22,1
Gain,2.69492877,dB,0.72,1.14,125,23,1
Gain,-1.260744183,dB,0.72,1.14,125,24,1
Gain,-3.465185556,dB,0.8,1.2,150,0,1
Gain,-6.998152087,dB,0.8,1.2,150,1,1
Gain,-6.42474038,dB,0.8,1.2,150,2,1
Gain,-8.255408722,dB,0.8,1.2,150,3,1
Gain,5.108163857,dB,0.8,1.2,150,4,1
Gain,-1.798011139,dB,0.8,1.2,150,5,1
Gain,4.42945113,dB,0.8,1.2,150,6,1
Gain,-4.659604854,dB,0.8,1.2,150,7,1
Gain,4.410166112,dB,0.8,1.2,150,8,1
Gain,-0.5558013651,dB,0.8,1.2,150,9,1
Gain,-3.73297745,dB,0.8,1.2,150,10,1
Gain,3.785538647,dB,0.8,1.2,150,11,1
Gain,-4.642736727,dB,0.8,1.2,150,12,1
Gain,2.727346366,dB,0.8,1.2,150,13,1
Gain,2.964498677,dB,0.8,1.2,150,14,1
Gain,-7.312707186,dB,0.8,1.2,150,15,1
Gain,-8.202088218,dB,0.8,1.2,150,16,1
Gain,4.269453534,dB,0.8,1.2,150,17,1
Gain,-6.817193456,dB,0.8,1.2,150,18,1
Gain,1.127107746,dB,0.8,1.2,150,19,1
Gain,-1.602906307,dB,0.8,1.2,150,20,1
Gain,4.556519236,dB,0.8,1.2,150,21,1
Gain,-4.609737977,dB,0.8,1.2,150,22,1
Gain,-9.817029032,dB,0.8,1.2,150,23,1
Gain,2.558720224,dB,0.8,1.2,150,24,1
Gain,-1.105336927,dB,0.8,1.26,150,0,1
Gain,-0.3111348381,dB,0.8,1.26,150,1,1
Gain,-7.669182395,dB,0.8,1.26,150,2,1
Gain,0.8951784522,dB,0.8,1.26,150,3,1
Gain,2.501749106,dB,0.8,1.26,150,4,1
Gain,-1.309119013,dB,0.8,1.26,150,5,1
Gain,-2.853566784,dB,0.8,1.26,150,6,1
Gain,-4.236758171,dB,0.8,1.26,150,7,1
Gain,0.4008234018,dB,0.8,1.26,150,8,1
Gain,0.3378799414,dB,0.8,1.26,150,9,1
Gain,1.71941189,dB,0.8,1.26,150,10,1
Gain,-0.01714590197,dB,0.8,1.26,150,11,1
Gain,4.150715083,dB,0.8,1.26,150,12,1
Gain,-8.977000143,dB,0.8,1.26,150,13,1
Gain,-3.173453229,dB,0.8,1.26,150,14,1
Gain,3.968253726,dB,0.8,1.26,150,15,1
Gain,-2.740033331,dB,0.8,1.26,150,16,1
Gain,-7.709769886,dB,0.8,1.26,150,17,1
Gain,-3.858989017,dB,0.8,1.26,150,18,1
Gain,-1.567378689,dB,0.8,1.26,150,19,1
Gain,-2.803447631,dB,0.8,1.26,150,20,1
Gain,1.902089916,dB,0.8,1.26,150,21,1
Gain,0.08465686084,dB,0.8,1.26,150,22,1
Gain,-3.09410838,dB,0.8,1.26,150,23,1
Gain,0.04911679701,dB,0.8,1.26,150,24,1
Gain,-3.12355003,dB,0.8,1.14,150,0,1
Gain,-7.438196551,dB,0.8,1.14,150,1,1
Gain,-9.05116294,dB,0.8,1.14,150,2,1
Gain,-2.253976245,dB,0.8,1.14,150,3,1
Gain,-6.426540851,dB,0.8,1.14,150,4,1
Gain,-0.7869783059,dB,0.8,1.14,150,5,1
Gain,-6.09098379,dB,0.8,1.14,150,6,1
Gain,2.424944134,dB,0.8,1.14,150,7,1
Gain,3.821940471,dB,0.8,1.14,150,8,1
Gain,-9.054478552,dB,0.8,1.14,150,9,1
Gain,4.723989077,dB,0.8,1.14,150,10,1
Gain,-1.510876909,dB,0.8,1.14,150,11,1
Gain,-1.73614245,dB,0.8,1.14,150,12,1
Gain,-4.106769178,dB,0.8,1.14,150,13,1
Gain,-0.4285334764,dB,0.8,1.14,150,14,1
Gain,-1.405392313,dB,0.8,1.14,150,15,1
Gain,4.859953253,dB,0.8,1.14,150,16,1
Gain,-4.471829309,dB,0.8,1.14,150,17,1
Gain,-8.506170404,dB,0.8,1.14,150,18,1
Gain,-2.851295963,dB,0.8,1.14,150,19,1
Gain,-0.3330667052,dB,0.8,1.14,150,20,1
Gain,-2.799452406,dB,0.8,1.14,150,21,1
Gain,-8.49203713,dB,0.8,1.14,150,22,1
Gain,-8.910350636,dB,0.8,1.14,150,23,1
Gain,-7.989454122,dB,0.8,1.14,150,24,1
Gain,2.219516425,dB,0.88,1.2,150,0,1
Gain,-6.162039609,dB,0.88,1.2,150,1,1
Gain,-6.100086259,dB,0.88,1.2,150,2,1
Gain,-7.897689297,dB,0.88,1.2,150,3,1
Gain,-8.658937184,dB,0.88,1.2,150,4,1
Gain,2.676056914,dB,0.88,1.2,150,5,1
Gain,2.349821233,dB,0.88,1.2,150,6,1
Gain,-1.699882328,dB,0.88,1.2,150,7,1
Gain,1.93229236,dB,0.88,1.2,150,8,1
Gain,-4.212644196,dB,0.88,1.2,150,9,1
Gain,-0.04600719944,dB,0.88,1.2,150,10,1
Gain,-3.970631645,dB,0.88,1.2,150,11,1
Gain,-9.40527278,dB,0.88,1.2,150,12,1
Gain,-1.155670191,dB,0.88,1.2,150,13,1
Gain,1.624261303,dB,0.88,1.2,150,14,1
Gain,-3.348296569,dB,0.88,1.2,150,15,1
Gain,-6.680496578,dB,0.88,1.2,150,16,1
Gain,-3.502084874,dB,0.88,1.2,150,17,1
Gain,-0.3822214504,dB,0.88,1.2,150,18,1
Gain,1.716528639,dB,0.88,1.2,150,19,1
Gain,2.59585735,dB,0.88,1.2,150,20,1
Gain,-1.914113516,dB,0.88,1.2,150,21,1
Gain,-0.7305685398,dB,0.88,1.2,150,22,1
Gain,5.256309797,dB,0.88,1.2,150,23,1
Gain,-1.951786485,dB,0.88,1.2,150,24,1
Gain,3.805424317,dB,0.88,1.26,150,0,1
Gain,4.63646155,dB,0.88,1.26,150,1,1
Gain,-3.329444011,dB,0.88,1.26,150,2,1
Gain,-0.966237491,dB,0.88,1.26,150,3,1
Gain,-8.066540671,dB,0.88,1.26,150,4,1
Gain,-1.557136539,dB,0.88,1.26,150,5,1
Gain,0.7167461476,dB,0.88,1.26,150,6,1
Gain,2.289844299,dB,0.88,1.26,150,7,1
Gain,-9.454443023,dB,0.88,1.26,150,8,1
Gain,-8.218775362,dB,0.88,1.26,150,9,1
Gain,3.780419559,dB,0.88,1.26,150,10,1
Gain,-4.674057223,dB,0.88,1.26,150,11,1
Gain,-3.967093318,dB,0.88,1.26,150,12,1
Gain,-9.713583331,dB,0.88,1.26,150,13,1
Gain,-7.315758956,dB,0.88,1.26,150,14,1
Gain,5.309220554,dB,0.88,1.26,150,15,1
Gain,-8.976439792,dB,0.88,1.26,150,16,1
Gain,0.1380864891,dB,0.88,1.26,150,17,1
Gain,-0.8071091248,dB,0.88,1.26,150,18,1
Gain,3.730518725,dB,0.88,1.26,150,19,1
Gain,-4.786621894,dB,0.88,1.26,150,20,1
Gain,3.088497753,dB,0.88,1.26,150,21,1
Gain,-5.245519609,dB,0.88,1.26,150,22,1
Gain,-2.5769189,dB,0.88,1.26,150,23,1
Gain,-6.792509026,dB,0.88,1.26,150,24,1
Gain,-3.940177673,dB,0.88,1.14,150,0,1
Gain,-6.451665216,dB,0.88,1.14,150,1,1
Gain,-4.130747538,dB,0.88,1.14,150,2,1
Gain,0.5738961993,dB,0.88,1.14,150,3,1
Gain,-9.815916705,dB,0.88,1.14,150,4,1
Gain,-3.325966804,dB,0.88,1.14,150,5,1
Gain,-3.260654525,dB,0.88,1.14,150,6,1
Gain,1.763518746,dB,0.88,1.14,150,7,1
Gain,-7.236391289,dB,0.88,1.14,150,8,1
Gain,2.909509821,dB,0.88,1.14,150,9,1
Gain,-3.903123007,dB,0.88,1.14,150,10,1
Gain,-4.240159047,dB,0.88,1.14,150,11,1
Gain,0.4533287254,dB,0.88,1.14,150,12,1
Gain,-0.2750206827,dB,0.88,1.14,150,13,1
Gain,4.405114243,dB,0.88,1.14,150,14,1
Gain,-7.411650907,dB,0.88,1.14,150,15,1
Gain,-3.857390421,dB,0.88,1.14,150,16,1
Gain,-8.75761116,dB,0.88,1.14,150,17,1
Gain,-9.741843262,dB,0.88,1.14,150,18,1
Gain,-4.698265202,dB,0.88,1.14,150,19,1
Gain,3.423140507,dB,0.88,1.14,150,20,1
Gain,-3.102757043,dB,0.88,1.14,150,21,1
Gain,-9.374904657,dB,0.88,1.14,150,22,1
Gain,-2.199952144,dB,0.88,1.14,150,23,1
Gain,1.089679567,dB,0.88,1.14,150,24,1
Gain,-2.693729818,dB,0.72,1.2,150,0,1
Gain,1.175572554,dB,0.72,1.2,150,1,1
Gain,-7.720546752,dB,0.72,1.2,150,2,1
Gain,2.432781728,dB,0.72,1.2,150,3,1
Gain,0.4133599053,dB,0.72,1.2,150,4,1
Gain,2.318745019,dB,0.72,1.2,150,5,1
Gain,-2.235291785,dB,0.72,1.2,150,6,1
Gain,-5.071786776,dB,0.72,1.2,150,7,1
Gain,3.210401537,dB,0.72,1.2,150,8,1
Gain,-6.165039629,dB,0.72,1.2,150,9,1
Gain,-2.800498471,dB,0.72,1.2,150,10,1
Gain,-1.667067046,dB,0.72,1.2,150,11,1
Gain,-3.061903246,dB,0.72,1.2,150,12,1
Gain,-0.1949006102,dB,0.72,1.2,150,13,1
Gain,-2.828622476,dB,0.72,1.2,150,14,1
Gain,-7.713524532,dB,0.72,1.2,150,15,1
Gain,-9.077833629,dB,0.72,1.2,150,16,1
Gain,-3.399237628,dB,0.72,1.2,150,17,1
Gain,5.231807447,dB,0.72,1.2,150,18,1
Gain,1.148359513,dB,0.72,1.2,150,19,1
Gain,-3.257139569,dB,0.72,1.2,150,20,1
Gain,-7.878511987,dB,0.72,1.2,150,21,1
Gain,-2.979710294,dB,0.72,1.2,150,22,1
Gain,-5.969013649,dB,0.72,1.2,150,23,1
Gain,4.56098354,dB,0.72,1.2,150,24,1
Gain,-7.464853634,dB,0.72,1.26,150,0,1
Gain,3.399001529,dB,0.72,1.26,150,1,1
Gain,4.811814855,dB,0.72,1.26,150,2,1
Gain,-4.873998111,dB,0.72,1.26,150,3,1
Gain,5.210522084,dB,0.72,1.26,150,4,1
Gain,-2.930195079,dB,0.72,1.26,150,5,1
Gain,-9.068245182,dB,0.72,1.26,150,6,1
Gain,1.027359005,dB,0.72,1.26,150,7,1
Gain,4.472227442,dB,0.72,1.26,150,8,1
Gain,4.247767551,dB,0.72,1.26,150,9,1
Gain,-5.848082657,dB,0.72,1.26,150,10,1
Gain,5.336404459,dB,0.72,1.26,150,11,1
Gain,1.586663025,dB,0.72,1.26,150,12,1
Gain,-1.220868098,dB,0.72,1.26,150,13,1
Gain,-3.446060772,dB,0.72,1.26,150,14,1
Gain,1.269732473,dB,0.72,1.26,150,15,1
Gain,0.7212331526,dB,0.72,1.26,150,16,1
Gain,1.513355286,dB,0.72,1.26,150,17,1
Gain,2.933737277,dB,0.72,1.26,150,18,1
Gain,-3.856710507,dB,0.72,1.26,150,19,1
Gain,-9.928653656,dB,0.72,1.26,150,20,1
Gain,-6.442193133,dB,0.72,1.26,150,21,1
Gain,-2.822729515,dB,0.72,1.26,150,22,1
Gain,-7.15530226,dB,0.72,1.26,150,23,1
Gain,-1.416369633,dB,0.72,1.26,150,24,1
Gain,-6.463315237,dB,0.72,1.14,150,0,1
Gain,-7.86085891,dB,0.72,1.14,150,1,1
Gain,-6.37337022,dB,0.72,1.14,150,2,1
Gain,-0.9499396075,dB,0.72,1.14,150,3,1
Gain,-0.1618661713,dB,0.72,1.14,150,4,1
Gain,4.760900613,dB,0.72,1.14,150,5,1
Gain,-9.169978994,dB,0.72,1.14,150,6,1
Gain,-6.500348953,dB,0.72,1.14,150,7,1
Gain,2.023879283,dB,0.72,1.14,150,8,1
Gain,-0.5582164627,dB,0.72,1.14,150,9,1
Gain,4.147873029,dB,0.72,1.14,150,10,1
Gain,4.481836601,dB,0.72,1.14,150,11,1
Gain,1.656462607,dB,0.72,1.14,150,12,1
Gain,-1.098184747,dB,0.72,1.14,150,13,1
Gain,-6.910415048,dB,0.72,1.14,150,14,1
Gain,-9.565714481,dB,0.72,1.14,150,15,1
Gain,-9.890533095,dB,0.72,1.14,150,16,1
Gain,-8.392547841,dB,0.72,1.14,150,17,1
Gain,-0.7565582063,dB,0.72,1.14,150,18,1
Gain,3.07418435,dB,0.72,1.14,150,19,1
Gain,-3.951274352,dB,0.72,1.14,150,20,1
Gain,-6.775910493,dB,0.72,1.14,150,21,1
Gain,-4.023713489,dB,0.72,1.14,150,22,1
Gain,-0.7508379572,dB,0.72,1.14,150,23,1
Gain,2.386319517,dB,0.72,1.14,150,24,1